{"current":{"color_body_bg":"#fafafa","color_body_text":"#111827","color_button":"#f0743e","color_button_text":"#ffffff","color_sale_price":"#333029","color_sale_tag":"#d65a31","color_cart_dot":"#f0743e","color_cart_dot_text":"#f0743e","color_alt_bg":"#f5f5f5","color_alt_text":"#111827","color_announcement":"#f0743e","color_announcement_text":"#ffffff","color_newsletter":"#f0743e","color_newsletter_text":"#ffffff","color_drawer_background":"#fdf9f5","color_drawer_text":"#333029","color_image_text":"#ffffff","color_image_overlay":"#000000","color_image_overlay_opacity":6,"color_small_image_bg":"#fdfbfa","color_large_image_bg":"#eee5e0","type_header_font_family":"poppins_n6","type_header_capitalize":false,"type_header_spacing":0,"type_header_base_size":50,"type_header_line_height":0.8,"type_base_font_family":"inter_n4","type_product_capitalize":false,"type_base_spacing":25,"type_base_size":18,"type_base_line_height":1.5,"button_style":"shadow","type_navigation_size":20,"animate_images":true,"logo_loader_image":"shopify:\/\/shop_images\/Gemini_Generated_Image_ut90iaut90iaut90_1.jpg","desktop_loader_width":400,"mobile_loader_width":200,"product_hover_details":false,"product_hover_image":false,"product_image_scatter":false,"product_grid_image_size":"natural","vendor_enable":false,"product_save_amount":true,"product_save_type":"percent","product_color_swatches":true,"collection_color_swatches":false,"additional_content_style":"tab","product_content_1":"","product_content_2":"","product_contact":true,"product_contact_title":"Ask a question","product_contact_show_phone":true,"enable_product_reviews":true,"quick_shop_enable":true,"quick_shop_style":"full","product_image_size":"medium","product_image_type":"stacked","product_shipping_callout":"","cart_type":"page","cart_icon":"cart","cart_additional_buttons":false,"cart_notes_enable":false,"cart_terms_conditions_enable":true,"cart_terms_conditions_link":"shopify:\/\/policies\/terms-of-service","social_instagram_link":"#","social_facebook_link":"#","social_twitter_link":"#","social_pinterest_link":"","homepage_social_image":"shopify:\/\/shop_images\/1.png","favicon":"shopify:\/\/shop_images\/1.png","search_type":"product","checkout_logo_position":"left","checkout_logo_size":"medium","checkout_body_background_color":"#fff","checkout_input_background_color_mode":"white","checkout_sidebar_background_color":"#fafafa","checkout_heading_font":"Helvetica Neue","checkout_body_font":"Helvetica Neue","checkout_accent_color":"#111111","checkout_button_color":"#111111","checkout_error_color":"#ff6d6d","animate_page_transition_style":"page-logo","checkout_banner_background_color":"#fff","checkout_call_to_action_color":"#a26b25","checkout_use_header_image":false,"color_image_bg":"#000000","product_video_style":"muted","reviews_layout":"full","sections":{"header":{"type":"header","settings":{"header_style":"button","main_menu_alignment":"left-center","sticky_index":false,"sticky_collection":false,"header_search_enable":true,"logo":"shopify:\/\/shop_images\/Untitled_design_2.png","logo-inverted":"shopify:\/\/shop_images\/Untitled_design_2.png","desktop_logo_width":210,"mobile_logo_width":150,"logo_hide_mobile":true,"main_menu_link_list":"main-menu","show_announcement":true,"show_announcement_home_only":false,"announcement_text":"Get 40£ off orders over 500£. Ends soon!","announcement_link":"https:\/\/officemilloner.co.uk\/discount\/SUM78OM"}},"footer":{"type":"footer","settings":{"show_newsletter":false,"newsletter_title":"Sign up and save","newsletter_richtext":"<p>Let customers know about the key benefits of joining your newsletter.<\/p>","show_locale_selector":false,"show_currency_selector":false,"show_currency_flags":true,"show_social_icons":false,"menu":"office-milloner-menu-copy","show_payment_icons":true,"show_copyright":true,"copyright_text":"is the company that is managing business of Office Milloner(Company Register: 16299085). All rights reserved."}},"collection-template":{"type":"collection-template","settings":{"per_row_desktop":3,"per_row_mobile":"1","description_bottom":false}},"product-template":{"type":"product-template","settings":{"product_image_size":"small","product_image_type":"slider","product_zoom_enable":true,"enable_video_looping":true,"product_video_style":"muted","enable_payment_button":true,"product_shipping_callout":"","variant_type":"button","variant_labels_enable":false,"sku_enable":true,"inventory_enable":false,"inventory_threshold":10,"inventory_transfers_enable":false,"quantity_enable":true,"social_enable":false}},"article-template":{"type":"article-template","settings":{"blog_show_image":true,"blog_show_tags":true,"blog_show_date":true,"blog_show_comments":true,"blog_show_author":false,"social_sharing_blog":true}},"blog-template":{"type":"blog-template","settings":{"blog_show_tag_filter":true,"blog_show_rss":false,"blog_show_tags":true,"blog_show_date":true,"blog_show_comments":true,"blog_show_author":false}},"product-sections":{"type":"product-sections","blocks":{"featured_collection_FNNzHq":{"type":"featured-collection","settings":{"title":"You may also like","collection":"office-desks","rows":2,"per_row_desktop":3,"per_row_mobile":"2","view_all":true,"alt":true}}},"block_order":["featured_collection_FNNzHq"],"settings":{}},"page-sections-template":{"type":"page-sections-template","blocks":{"1559681273277":{"type":"image-hero","settings":{"title_size":80,"text_align":"vertical-center horizontal-center"}},"1558643031646":{"type":"text-and-image","settings":{"image_width":450,"button_style":"primary","layout":"right"}},"1558643392013":{"type":"map","settings":{}},"1558643431127":{"type":"collection-slider","settings":{"per_row":"large"}},"1558643225272":{"type":"hero-video","settings":{"title":"Keep it short\nand sweet.","title_size":60,"subheading":"Explain your brand in more depth on your product pages","text_align":"vertical-center horizontal-center","section_height":"750px","mobile_height":"100vh"}}},"block_order":["1559681273277","1558643031646","1558643392013","1558643431127","1558643225272"],"settings":{"page_title_enable":false,"page_content_enable":true}},"newsletter-popup":{"type":"newsletter-popup","custom_css":[],"settings":{"mode":"disabled","popup_seconds":5,"popup_days":30,"popup_title":"Sign up and save","popup_text":"<p>Join the Office Milloner community! <strong>Sign up for our newsletter<\/strong> today to receive exclusive discounts, early access to new arrivals, and expert tips for creating your ideal workspace. Don't miss out on special offers – <strong>your next upgrade is just an email away!<\/strong><\/p>","enable_newsletter":true,"button_label":"Shop now","button_link":""}},"list-collections-template":{"type":"list-collections-template","blocks":{"collection_tyfJzz":{"type":"collection","settings":{"collection":"office-chairs"}},"collection_pCLKKW":{"type":"collection","settings":{"collection":"office-desks"}},"collection_pFmbR6":{"type":"collection","settings":{"collection":"office-storage"}},"collection_G7GJBR":{"type":"collection","settings":{"collection":"the-modern-professional-home-office-collection"}}},"block_order":["collection_tyfJzz","collection_pCLKKW","collection_pFmbR6","collection_G7GJBR"],"settings":{"title_enable":true,"display_type":"all","sort":"alphabetical"}},"1559096311192":{"type":"hero-animated","blocks":{"1559096311192-0":{"type":"image","settings":{"image":"shopify:\/\/shop_images\/business-cat-in-office.jpg","image_mobile":"shopify:\/\/shop_images\/business-cat-in-office.jpg","focal_point":"center center"}}},"block_order":["1559096311192-0"],"settings":{"style":"fading","title":"Premium Office Desks & Chairs","title_size":33,"subheading":"Ergonomic & durable for modern workspaces","link":"shopify:\/\/collections","link_text":"Shop now","text_align":"vertical-center horizontal-center","desktop_size":0,"mobile_size":0}},"product-recommendations":{"type":"product-recommendations","settings":{"show_product_recommendations":false,"product_recommendations_heading":"You may also like","per_row":"small"}},"1559586187853":{"type":"newsletter","settings":{"title":"Get exclusive offers","text":"<p><br\/>Join for new arrivals and £40-off promos.<\/p>"}},"1559687361077":{"type":"text-and-image","settings":{"image":"shopify:\/\/shop_images\/Untitled_design_2.png","image2":"shopify:\/\/shop_images\/1.png","image_width":700,"subtitle":"","title":"Office building","text":"<p>At Office Milloner, we're dedicated to your success. We offer expertly curated office and home office furniture, blending ergonomic comfort with sophisticated design. Our team is here to support you in creating a productive, stylish workspace tailored to your needs.<\/p>","button_label":"","button_link":"","button_style":"primary","layout":"left","alt":true}},"social":{"type":"social","settings":{"enable_home":false,"enable_product":false,"enable_collection":false,"title":"On social","description":"<p>Send us yours <a href=\"https:\/\/instagram.com\/youraccount\/\">@youraccount<\/a><\/p>"}},"page-contact-template":{"type":"page-contact-template","blocks":{"page-contact-template-0":{"type":"contact-form","settings":{"title":"Contact us","show_phone":false,"narrow_column":true}}},"block_order":["page-contact-template-0"],"settings":{"page_title_enable":false,"page_content_enable":false}},"collection-header":{"type":"collection-header","settings":{"collection_image_enable":true,"description_enable":true}},"collection-filters":{"type":"collection-filters","settings":{"filter_type":"groups","tags_combine":false,"collection_sort_enable":false}},"advanced_content_J6JVDc":{"type":"advanced-content","blocks":{"image_HrqhU6":{"type":"image","disabled":true,"settings":{"link":"","width":"50%","alignment":"top-middle"}},"html_gYqD6m":{"type":"html","settings":{"code":"<h2>Contact us <\/h2><p>\nmarketmilloner@officemilloner.co.uk<\/p><p>\n07737838093<\/p><p>\n\nLine is available on:\nMonday-Friday 11:00-16:00 <\/p>","width":"50%","alignment":"center"}}},"block_order":["image_HrqhU6","html_gYqD6m"],"name":"Custom content","settings":{"full_width":false,"space_around":true,"alt":false}},"1558626745581":{"type":"featured-content","settings":{"title":"Desks, Chairs and Office storage- we are here to suply what ever you need","text":"<p>We offer you not only bases of your office, but also we provide your comfort in working and storing your work with our unique products!<\/p>","align_text":"center","narrow_column":true,"enlarge_text":true,"alt":false}},"1543003878234":{"type":"featured-collections","blocks":{"collection_mUkMBp":{"type":"collection","settings":{"collection":"storage","focal_point":"center center"}},"collection_7CWPzP":{"type":"collection","settings":{"collection":"chairs","focal_point":"center center"}},"collection_YyAdik":{"type":"collection","settings":{"collection":"meeting-collaboration","focal_point":"center center"}}},"block_order":["collection_mUkMBp","collection_7CWPzP","collection_YyAdik"],"settings":{"title":"Popular collections","alt":false}},"featured_collection_slider_TkhLQJ":{"type":"featured-collection-slider","name":"Featured collection","settings":{"title":"Best Sellers","description":"","home_featured_products":"","per_row":"large","alt":false}},"text_and_image_xMeNfF":{"type":"text-and-image","name":"Image with text","settings":{"image_width":700,"subtitle":"","title":"Why Shop with Office Milloner?","text":"<p><br\/>We bring premium office furniture directly to your home or business. Enjoy reliable UK delivery, 10-year guarantees on desks, and curated collections that balance comfort with style.<br\/><br\/><\/p>","button_label":"Shop Now","button_link":"shopify:\/\/collections\/all","button_style":"primary","layout":"right","alt":false}},"onereview-review-summary":{"type":"onereview-review-summary","settings":{}}},"content_for_index":["1559096311192","1543003878234","1558626745581","featured_collection_slider_TkhLQJ","text_and_image_xMeNfF","1559687361077","1559586187853","advanced_content_J6JVDc"],"blocks":{"6143736321357441667":{"type":"shopify:\/\/apps\/tidio-live-chat-chatbots\/blocks\/app-embed\/1002274d-fb18-4939-98f6-5f05a8deeadc","disabled":false,"settings":{}},"14060646107696862457":{"type":"shopify:\/\/apps\/judge-me-reviews\/blocks\/judgeme_core\/61ccd3b1-a9f2-4160-9fe9-4fec8413e5d8","disabled":true,"settings":{}},"855628211100114053":{"type":"shopify:\/\/apps\/klaviyo-email-marketing-sms\/blocks\/klaviyo-onsite-embed\/2632fe16-c075-4321-a88b-50b567f42507","disabled":true,"settings":{}}}},"presets":{"Core":{"animate_images":true,"animate_page_transition_style":"page-logo","button_style":"round","cart_type":"sticky","checkout_accent_color":"#111111","checkout_banner_background_color":"#fff","checkout_body_background_color":"#fff","checkout_body_font":"Helvetica Neue","checkout_button_color":"#111111","checkout_call_to_action_color":"#a26b25","checkout_error_color":"#ff6d6d","checkout_heading_font":"Helvetica Neue","checkout_input_background_color_mode":"white","checkout_logo_position":"left","checkout_logo_size":"medium","checkout_sidebar_background_color":"#fafafa","checkout_use_header_image":false,"color_alt_bg":"#f9f9f9","color_alt_text":"#000000","color_announcement":"#000000","color_announcement_text":"#ffffff","color_body_bg":"#ffffff","color_cart_dot":"#FF2300","color_drawer_background":"#ffffff","color_drawer_text":"#000000","color_image_overlay":"#000","color_image_overlay_opacity":10,"color_image_text":"#fff","color_large_image_bg":"#000000","color_newsletter":"#000","color_newsletter_text":"#fff","color_small_image_bg":"#f0f0f0","desktop_loader_width":100,"mobile_loader_width":100,"product_grid_image_size":"natural","product_hover_details":false,"product_hover_image":true,"product_image_scatter":false,"product_video_style":"muted","type_base_font_family":"roboto_condensed_n4","type_base_line_height":1.6,"type_base_size":18,"type_base_spacing":"25","type_header_base_size":46,"type_header_capitalize":true,"type_header_font_family":"roboto_condensed_i7","type_header_line_height":1,"type_header_spacing":"-25","type_product_capitalize":false,"sections":{"header":{"type":"header","settings":{"sticky_index":true,"sticky_collection":false,"header_search_enable":false,"show_announcement":false,"show_announcement_home_only":false}},"footer":{"type":"footer","settings":{"show_newsletter":false,"show_social_icons":true,"menu":"footer","show_payment_icons":false,"show_copyright":false}},"collection-template":{"type":"collection-template","settings":{"per_row_desktop":3}},"product-template":{"type":"product-template","settings":{}},"article-template":{"type":"article-template","settings":{"blog_show_image":true,"blog_show_tags":true,"blog_show_date":true,"blog_show_comments":true,"blog_show_author":false,"social_sharing_blog":true}},"blog-template":{"type":"blog-template","settings":{"blog_show_tag_filter":true,"blog_show_rss":false,"blog_show_tags":true,"blog_show_date":true,"blog_show_comments":true,"blog_show_author":false}},"product-sections":{"type":"product-sections","blocks":{"product-text-columns":{"type":"text-columns","settings":{"title":"Why choose us?","align_text":"center","alt":true,"enable_image_1":false,"image_width_1":650,"title_1":"Reason one","text_1":"<p>Use this section to explain your company philosophy or standards. Add images for emphasis. This content will appear on all products.<\/p>","enable_image_2":false,"image_width_2":650,"title_2":"Reason two","text_2":"<p>Use this section to explain your company philosophy or standards. Add images for emphasis. This content will appear on all products.<\/p>","enable_image_3":false,"image_width_3":650,"title_3":"","text_3":""}},"product-text-and-image":{"type":"text-and-image","settings":{"image_width":700,"text":"<p>Pair large text with an image to tell a story, explain a detail about your products, or describe a new promotion.<\/p>","button_style":"primary","layout":"right"}},"product-background-image-text":{"type":"background-image-text","settings":{"layout":"right"}}},"block_order":["product-text-columns","product-text-and-image","product-background-image-text"],"settings":{}},"page-sections-template":{"type":"page-sections-template","blocks":{"1559681273277":{"type":"image-hero","settings":{"title_size":80,"text_align":"vertical-center horizontal-center"}},"1558643031646":{"type":"text-and-image","settings":{"image_width":450,"button_style":"primary","layout":"right"}},"1558643392013":{"type":"map","settings":{}},"1558643431127":{"type":"collection-slider","settings":{"per_row":"large"}},"1558643225272":{"type":"hero-video","settings":{"title":"Keep it short\nand sweet.","title_size":60,"subheading":"Explain your brand in more depth on your product pages","text_align":"vertical-center horizontal-center","section_height":"750px","mobile_height":"100vh"}}},"block_order":["1559681273277","1558643031646","1558643392013","1558643431127","1558643225272"],"settings":{"page_title_enable":false,"page_content_enable":true}},"newsletter-popup":{"type":"newsletter-popup","settings":{"mode":"disabled","popup_seconds":5,"popup_days":30,"enable_newsletter":true}},"1543003878234":{"type":"featured-collections","blocks":{"1543003878234-0":{"type":"collection","settings":{}},"1543003878234-1":{"type":"collection","settings":{}},"1543003878234-2":{"type":"collection","settings":{}},"1543003878234-3":{"type":"collection","settings":{}}},"block_order":["1543003878234-0","1543003878234-1","1543003878234-2","1543003878234-3"],"settings":{"alt":true}},"list-collections-template":{"type":"list-collections-template","settings":{}},"1556162802939":{"type":"featured-collection-slider","settings":{}},"1556162914490":{"type":"featured-collection-slider","settings":{}},"1558626745581":{"type":"featured-content","settings":{"align_text":"center","narrow_column":true,"enlarge_text":true}},"1559096311192":{"type":"hero-animated","blocks":{"1559096311192-0":{"type":"image","settings":{}},"1559097202495":{"type":"image","settings":{}},"1559096311192-2":{"type":"image","settings":{}}},"block_order":["1559096311192-0","1559097202495","1559096311192-2"],"settings":{"style":"gif","title_size":82,"text_align":"vertical-center horizontal-left"}},"1559098181700":{"type":"slideshow","blocks":{"1559098181700-0":{"type":"image","settings":{"title_size":80,"text_align":"vertical-bottom horizontal-left"}}},"block_order":["1559098181700-0"],"settings":{}},"1559321610782":{"type":"hero-video","settings":{"title":"Keep it short\nand sweet.","title_size":80,"subheading":"Explain your brand in more depth on your product pages","text_align":"vertical-bottom horizontal-center","section_height":"750px","mobile_height":"100vh"}},"product-recommendations":{"type":"product-recommendations","settings":{"show_product_recommendations":true}},"1559585995085":{"type":"featured-collection-slider","settings":{}},"1559586187853":{"type":"newsletter","settings":{}},"1559687247066":{"type":"text-and-image","settings":{"image_width":700,"button_style":"primary","layout":"right"}},"1559687361077":{"type":"text-and-image","settings":{"image_width":700,"button_style":"primary","layout":"left"}},"1559687710135":{"type":"map","settings":{}}},"content_for_index":["1559321610782","1559585995085","1558626745581","1559096311192","1556162914490","1559098181700","1556162802939","1543003878234","1559687247066","1559687361077","1559586187853","1559687710135"]},"Luxe":{"animate_images":true,"animate_page_transition_style":"page-logo","button_style":"shadow","cart_type":"sticky","checkout_accent_color":"#111111","checkout_banner_background_color":"#fff","checkout_body_background_color":"#fff","checkout_body_font":"Helvetica Neue","checkout_button_color":"#111111","checkout_call_to_action_color":"#a26b25","checkout_error_color":"#ff6d6d","checkout_heading_font":"Helvetica Neue","checkout_input_background_color_mode":"white","checkout_logo_position":"left","checkout_logo_size":"medium","checkout_sidebar_background_color":"#fafafa","checkout_use_header_image":false,"color_alt_bg":"#ffffff","color_alt_text":"#333029","color_announcement":"#c67066","color_announcement_text":"#ffffff","color_body_bg":"#fdfbfa","color_body_text":"#333029","color_button":"#c67066","color_button_text":"#ffffff","color_cart_dot":"#c67066","color_drawer_background":"#fdf9f5","color_drawer_text":"#333029","color_image_bg":"#000000","color_image_overlay":"#000","color_image_overlay_opacity":10,"color_image_text":"#fff","color_large_image_bg":"#eee5e0","color_newsletter":"#c67066","color_newsletter_text":"#ffffff","color_sale_price":"#333029","color_sale_tag":"#c67066","color_small_image_bg":"#fdfbfa","desktop_loader_width":140,"mobile_loader_width":130,"product_grid_image_size":"natural","product_hover_details":true,"product_hover_image":true,"product_image_scatter":false,"product_video_style":"muted","reviews_layout":"full","type_base_font_family":"futura_n4","type_base_line_height":1.7,"type_base_size":18,"type_base_spacing":"25","type_header_base_size":50,"type_header_capitalize":false,"type_header_font_family":"itc_novarese_n5","type_header_line_height":1.1,"type_header_spacing":"0","type_product_capitalize":false,"sections":{"header":{"type":"header","settings":{"sticky_index":true,"sticky_collection":true,"header_search_enable":false,"show_announcement":true,"show_announcement_home_only":false}},"footer":{"type":"footer","settings":{"show_newsletter":true,"show_social_icons":true,"show_payment_icons":false,"show_copyright":false}},"collection-template":{"type":"collection-template","settings":{"per_row_desktop":3}},"product-template":{"type":"product-template","settings":{}},"article-template":{"type":"article-template","settings":{"blog_show_image":false,"blog_show_tags":true,"blog_show_date":false,"blog_show_comments":true,"blog_show_author":false,"social_sharing_blog":false}},"blog-template":{"type":"blog-template","settings":{"blog_show_tag_filter":true,"blog_show_rss":false,"blog_show_tags":true,"blog_show_date":false,"blog_show_comments":true,"blog_show_author":false}},"product-sections":{"type":"product-sections","blocks":{"product-text-columns":{"type":"text-columns","settings":{"title":"Why choose us?","align_text":"center","alt":true,"enable_image_1":false,"image_width_1":650,"title_1":"Reason one","text_1":"<p>Use this section to explain your company philosophy or standards. Add images for emphasis. This content will appear on all products.<\/p>","enable_image_2":false,"image_width_2":650,"title_2":"Reason two","text_2":"<p>Use this section to explain your company philosophy or standards. Add images for emphasis. This content will appear on all products.<\/p>","enable_image_3":false,"image_width_3":650,"title_3":"","text_3":""}},"product-text-and-image":{"type":"text-and-image","settings":{"image_width":700,"text":"<p>Pair large text with an image to tell a story, explain a detail about your products, or describe a new promotion.<\/p>","button_style":"primary","layout":"right"}},"product-background-image-text":{"type":"background-image-text","settings":{"layout":"right"}}},"block_order":["product-text-columns","product-text-and-image","product-background-image-text"],"settings":{}},"page-sections-template":{"type":"page-sections-template","blocks":{"1558643031646":{"type":"text-and-image","settings":{"image_width":400,"button_style":"primary","layout":"right"}},"1558643225272":{"type":"hero-video","settings":{"title":"Keep it short\nand sweet.","title_size":47,"subheading":"Explain your brand in more depth on your product pages","text_align":"vertical-center horizontal-center","section_height":"750px","mobile_height":"100vh"}},"1558643431127":{"type":"collection-slider","settings":{"per_row":"small"}},"1558643392013":{"type":"map","settings":{}}},"block_order":["1558643031646","1558643225272","1558643431127","1558643392013"],"settings":{"page_title_enable":true,"page_content_enable":true}},"newsletter-popup":{"type":"newsletter-popup","settings":{"mode":"disabled","popup_seconds":5,"popup_days":30,"enable_newsletter":true}},"list-collections-template":{"type":"list-collections-template","settings":{"title_enable":true,"display_type":"all"}},"1555097143929":{"type":"text-and-image","settings":{"image_width":700,"button_style":"btn","layout":"right"}},"1555439851826":{"type":"background-image-text","settings":{"color_border":"#4f1c3a","layout":"right"}},"1556162802939":{"type":"featured-collection-slider","settings":{}},"1556162914490":{"type":"featured-collection-slider","settings":{}},"1558625522348":{"type":"background-image-text","settings":{"color_border":"#4f1c3a","layout":"left"}},"1558626497917":{"type":"hero-video","settings":{"title":"Keep it short\nand sweet.","title_size":80,"subheading":"Explain your brand in more depth on your product pages","text_align":"vertical-center horizontal-center","section_height":"750px","mobile_height":"100vh"}},"1558626745581":{"type":"featured-content","settings":{"align_text":"center","narrow_column":true,"enlarge_text":true}},"1559155590855":{"type":"text-columns","blocks":{"1559155590855-0":{"type":"text_block","settings":{"enable_image":false,"title":"Reason one"}},"1559155590855-1":{"type":"text_block","settings":{"enable_image":false,"title":"Reason two"}}},"block_order":["1559155590855-0","1559155590855-1"],"settings":{"title":"Why choose us?","align_text":"center","alt":true}},"password-header":{"type":"password-header","settings":{}},"password-content":{"type":"password-content","settings":{"newsletter_enable":true,"show_share_buttons":false,"show_image":true}},"product-recommendations":{"type":"product-recommendations","settings":{"show_product_recommendations":true,"per_row":"small"}}},"content_for_index":["1558626497917","1556162914490","1558626745581","1555097143929","1555439851826","1559155590855","1556162802939","1558625522348"]},"Hype":{"animate_images":false,"animate_page_transition_style":"page-logo","button_style":"shadow","cart_type":"sticky","checkout_accent_color":"#111111","checkout_body_background_color":"#fff","checkout_body_font":"Helvetica Neue","checkout_button_color":"#111111","checkout_error_color":"#ff6d6d","checkout_heading_font":"Helvetica Neue","checkout_input_background_color_mode":"white","checkout_logo_position":"left","checkout_logo_size":"medium","checkout_sidebar_background_color":"#fafafa","color_alt_bg":"#000000","color_alt_text":"#ffffff","color_announcement":"#000000","color_announcement_text":"#ffffff","color_body_bg":"#ffffff","color_cart_dot":"#FF2300","color_drawer_background":"#ffffff","color_drawer_text":"#000000","color_image_bg":"#000000","color_image_overlay":"#000","color_image_overlay_opacity":10,"color_image_text":"#fff","color_large_image_bg":"#000000","color_newsletter":"#000000","color_newsletter_text":"#fff","color_small_image_bg":"#f2f2f2","desktop_loader_width":190,"mobile_loader_width":180,"product_grid_image_size":"natural","product_hover_details":false,"product_hover_image":true,"product_image_scatter":true,"product_video_style":"muted","reviews_layout":"full","type_base_font_family":"basic_commercial_n7","type_base_line_height":1.3,"type_base_size":20,"type_base_spacing":"25","type_header_base_size":48,"type_header_capitalize":true,"type_header_font_family":"basic_commercial_n7","type_header_line_height":0.9,"type_header_spacing":"25","type_product_capitalize":true,"sections":{"header":{"type":"header","settings":{"sticky_index":true,"sticky_collection":true,"header_search_enable":false,"show_announcement":false}},"footer":{"type":"footer","settings":{"show_newsletter":false}},"collection-template":{"type":"collection-template","settings":{"per_row_desktop":3}},"product-template":{"type":"product-template","settings":{}},"article-template":{"type":"article-template","settings":{"blog_show_image":true,"blog_show_tags":true,"blog_show_date":true,"blog_show_comments":true,"blog_show_author":false,"social_sharing_blog":true}},"blog-template":{"type":"blog-template","settings":{"blog_show_tag_filter":true,"blog_show_rss":false,"blog_show_tags":true,"blog_show_date":true,"blog_show_comments":true,"blog_show_author":false}},"product-sections":{"type":"product-sections","blocks":{"product-text-columns":{"type":"text-columns","settings":{"title":"Why choose us?","align_text":"center","alt":true,"enable_image_1":false,"image_width_1":650,"title_1":"Reason one","text_1":"<p>Use this section to explain your company philosophy or standards. Add images for emphasis. This content will appear on all products.<\/p>","enable_image_2":false,"image_width_2":650,"title_2":"Reason two","text_2":"<p>Use this section to explain your company philosophy or standards. Add images for emphasis. This content will appear on all products.<\/p>","enable_image_3":false,"image_width_3":650,"title_3":"","text_3":""}},"product-text-and-image":{"type":"text-and-image","settings":{"image_width":700,"text":"<p>Pair large text with an image to tell a story, explain a detail about your products, or describe a new promotion.<\/p>","button_style":"primary","layout":"right"}},"product-background-image-text":{"type":"background-image-text","settings":{"layout":"right"}}},"block_order":["product-text-columns","product-text-and-image","product-background-image-text"],"settings":{}},"page-sections-template":{"type":"page-sections-template","blocks":{"1558643031646":{"type":"text-and-image","settings":{"image_width":400,"button_style":"primary","layout":"right"}},"1558643431127":{"type":"collection-slider","settings":{"per_row":"small"}}},"block_order":["1558643031646","1558643431127"],"settings":{"page_title_enable":true,"page_content_enable":true}},"newsletter-popup":{"type":"newsletter-popup","settings":{"mode":"disabled","popup_seconds":5,"popup_days":30,"enable_newsletter":true}},"list-collections-template":{"type":"list-collections-template","settings":{}},"1555097143929":{"type":"text-and-image","settings":{}},"1556162802939":{"type":"featured-collection-slider","settings":{}},"1556162914490":{"type":"featured-collection-slider","settings":{}},"1559240039950":{"type":"hero-animated","blocks":{"1559240039950-0":{"type":"image","settings":{}},"1559240039950-1":{"type":"image","settings":{}},"1559309176406":{"type":"image","settings":{}}},"block_order":["1559240039950-0","1559240039950-1","1559309176406"],"settings":{"style":"gif","title_size":72,"text_align":"vertical-bottom horizontal-right"}},"1559241610369":{"type":"marquee","settings":{"text":"☞ FREE SHIPPING AND RETURNS","text_size":70,"text_spacing":true,"color_scheme":"text","direction":"left"}},"product-recommendations":{"type":"product-recommendations","settings":{"show_product_recommendations":true,"per_row":"large"}},"1559249041610":{"type":"hero-video","settings":{"title":"Keep it short\nand sweet.","title_size":80,"subheading":"Explain your brand in more depth on your product pages","text_align":"vertical-bottom horizontal-left","section_height":"750px","mobile_height":"100vh"}}},"content_for_index":["1559240039950","1555097143929","1559241610369","1556162914490","1559249041610","1556162802939"]}},"platform_customizations":{"custom_css":["\/* Paste in Theme settings → Custom CSS *\/.product__description .rte,.product__description .rte * {max-width: 900px; margin-left: auto; margin-right: auto;}",".product__description .rte img,.product__description .rte video,.product__description .rte iframe {display: block; max-width: 100%; height: auto; margin: 16px auto;}",".product__description .rte,.product__description .rte * {max-width: 900px; margin-left: auto; margin-right: auto;}",".product__description .rte img,.product__description .rte video,.product__description .rte iframe {display: block; max-width: 100%; height: auto; margin: 16px auto;}"]}}